Year,Call Sign,Network Affiliation,Nielsen DMA,Ave. # of Analog hours,Analog or Digital,Title of EI programs,Core or Non-core,Origin of Program,Regular schedule of Program,Total times aired,Number of pre-emptions,Length of Program (in minutes),Age of Target Audience From,Age of Target Audience To,Description of Program,Number of pre-emptions rescheduled,Ave. # of hours of all digital programming per week,Ave. # of hours per week of digital Core Programming per week,Y or N to Q 11 in Digital Core Programming: At least 50% of the Core Programming had not already aired within the previous seven days
2004,WBPX,PAX TV,Boston,3,analog,TOTALLY PETS E/I,core,network,Saturdays / October 2nd - December 25th / 6:00 p.m. ET/PT or 5:00 p.m. CT/MT,13,0,30,13,16,"Totally Pets is a half-hour program that focuses on pets, pet lovers and the many ways to keep our pets healthy and happy. Hosted by Cyndy Garvey, Totally Pets aims to show viewers the wonderful, entertaining, occasionally bizarre world of our animal pals... and help us all be better pet parents in the process!",99,n/a,n/a,n/a
2004,WBPX,PAX TV,Boston,3,analog,ANIMAL TAILS E/I,core,network,Saturdays / October 2nd - December 25th / 6:30 p.m. ET/PT or 5:30 p.m. CT/MT,13,0,30,13,16,"Animal Tails is a half-hour, taped television program with a live, participating audience. This show is designed to meet the educational and informational needs of children between the ages of 13 and 16. Each episode follows the host, Mark Curry, as he spends time with people, pets and exotic animals as they recount their real-life adventures. Mark also talks with people knowledgeable about each animal, teaching as he goes. Each episode is designed to reveal to children the world around them in a way that presents positive role models and pro-social values.",99,n/a,n/a,n/a
2004,WBPX,PAX TV,Boston,3,analog,MIRACLE PETS E/I,core,network,Mondays / October 3rd - December 26th / 6:00 p.m. ET/PT or 5:00 p.m. CT/MT,13,0,60,13,16,"Miracle Pets is a one-hour live-action program. This show is designed to meet the educational and informational needs of children between the ages of 13 and 16. Each episode explores different short re-enactments of pets/animals doing heroic, extraordinary actions. Children learn positive role models, pro-social values and the importance of taking care of the pets in their lives.",99,n/a,n/a,n/a
2004,WBPX,PAX TV,Boston,3,analog,MIRACLE PETS E/I,core,network,Mondays / October 4th - December 27th / 3:00 p.m. ET/PT or 2:00 p.m. CT/MT,13,0,60,13,16,"Miracle Pets is a one-hour live-action program. This show is designed to meet the educational and informational needs of children between the ages of 13 and 16. Each episode explores different short re-enactments of pets/animals doing heroic, extraordinary actions. Children learn positive role models, pro-social values and the importance of taking care of the pets in their lives.",99,n/a,n/a,n/a
2004,WBZ,CBS,Boston,3,analog,LAZYTOWN,core,network,Saturdays 12:00pm - 12:30pm,9,4,30,2,11,"This program is anchored by Sportacus, a fit and agile hero, whose ""krytonite"" is sugar, which makes him instantly lethargic. Sportacus and the program's cast of child characters are challenged in each episode with an issue or dilemma, and are opposed in their attempts to complete their mission by Robbie Rotten, who seeks to return Lazytown to its former lazy ways. The program seeks to impart to preschool and early school-aged children the importance of healthy living, and to help them understand the value of developing sound eating and physical exercise habits, while also providing them positive messages about friendship, empathy, self-respect, truthfulness and other age-appropriate life lessons. This program is specifically designed to further the educational and informational needs of children, has educating and informing children as a significant purpose, and otherwise meets the definition of Core Programming as specified in the Commission's rules.",4,n/a,n/a,n/a
2004,WBZ,CBS,Boston,3,analog,MISS SPIDER'S SUNNY PATCH FRIENDS,core,network,Saturdays 12:30pm - 1:00pm,8,5,30,2,5,"This program, based on the series by David Kirk, follows the adventures of Miss Spider's children and their friends, a hodge-podge of bug creatures of all types. Under the warm and attentive guidance of their parents, the spider children learn that showing kindness toward and understanding of others can be an effective tool in solving problems. In addition to their pro-social storylines, the episodes also include lessons in ""backyard biology."" The educational objectives of the program are to help children learn the value of being part of a loving, supportive family, and understand the role of family and friends as they begin to engage in new personal and social experiences beyond the home. This program is specifically designed to further the educational and informational needs of children, has educating and informing children as a significant purpose, and otherwise meets the definition of Core Programming as specified in the Commission's rules.",5,n/a,n/a,n/a
2004,WBZ,CBS,Boston,3,analog,DORA THE EXPLORER,core,network,Saturdays 11:30am - 12:00pm,12,1,30,2,5,"In this series seven-year-old Dora and her monkey travel companion Boots invite the audience to join them each week on a journey in which they will have to overcome various obstacles to reach an end goal. The series uses a CD-ROM/on-line adventure game format to encourage a variety of problem-solving strategies. The objectives of this program are to assist children in developing their problem-solving skills, reinforce their emerging cognitive skills, and make computers more familiar to them by introducing and using the conventions and vocabulary of computer games. This program is specifically designed to further the educational and informational needs of children, has educating and informing children as a significant purpose, and otherwise meets the definition of Core Programming as specified in the Commission's rules.",1,n/a,n/a,n/a
2004,WBZ,CBS,Boston,3,analog,DORA THE EXPLORER,core,network,Saturdays 11:00am - 11:30am,2,0,30,2,5,"In this series seven-year-old Dora and her monkey travel companion Boots invite the audience to join them each week on a journey in which they will have to overcome various obstacles to reach an end goal. The series uses a CD-ROM/on-line adventure game format to encourage a variety of problem-solving strategies. The objectives of this program are to assist children in developing their problem-solving skills, reinforce their emerging cognitive skills, and make computers more familiar to them by introducing and using the conventions and vocabulary of computer games. This program is specifically designed to further the educational and informational needs of children, has educating and informing children as a significant purpose, and otherwise meets the definition of Core Programming as specified in the Commission's rules.",99,n/a,n/a,n/a
2004,WBZ,CBS,Boston,3,analog,LITTLE BILL,core,network,Saturdays 10:00am - 10:30am,12,1,30,2,11,"This is an animated series based on children's books written by Bill Cosby that examines life through the eyes of a five-year-old boy eager to understand his world. Each episode contains two stories in which Little Bill is faced with a challenge or problem, whether emotional, social or physical, he must solve. The objectives of this series are to encourage children to value themselves and the love and support of their family, friends and community, and to help them develop their social skills and ethical values by dealing with the conflicts in their lives with fairness and creativity. This program is specifically designed to further the educational and informational needs of children, has educating and informing children as a significant purpose, and otherwise meets the definition of Core Programming as specified in the Commission's rules.",1,n/a,n/a,n/a
2004,WBZ,CBS,Boston,3,analog,BLUE'S CLUES,core,network,Saturdays 10:30am - 11:00am,12,1,30,2,5,"In this series, a young adult host - togeher with Blue, a puppy whose personality and actions mirror those of a preschooler - brings viewers a variety of games, themes and concepts that are based on an age-appropriate educational curriculum. The program follows a narrative format, in which the host elicits contributions from the viewer to answer questions and move the action forward. The program's objectives include encouraging preschoolers to actively explore the world around them, fostering their problem-solving skills and independent reasoning, and creating a foundation of confidence and optimism for future learning. This program is specifically designed to further the educational and informational needs of children, has educating and informing children as a significant purpose, and otherwise meets the definition of Core Programming as specified in the Commission's rules.",1,n/a,n/a,n/a
2004,WBZ,CBS,Boston,3,analog,THE BACKYARDIGANS,core,network,Saturdays 11:00am - 11:30am,10,1,30,2,5,"This program centers on three friends preschool friends, who play together after school in a barrier-less backyard behind their adjacent homes. In each episode, the children imagine an adventure, and their yard is transformed into the setting for the action. The programs use both original and well-known songs to reveal emotion, explicate character and advance the stories. The educational objectives of the program are to nuture children's interest in music, dance and imaginative storytelling, and to use these creative arts to foster children's cognitive and emotional development. This program is specifically designed to further the educational and informational needs of children, has educating and informing children as a significant purpose, and otherwise meets the definition of Core Programming as specified in the Commission's rules.",1,n/a,n/a,n/a
2004,WCVB-TV,ABC,Boston,3.5,analog,PHIL OF THE FUTURE (MOVED TO SUNDAYS ON 12/19),core,network,Saturdays 8:00-8:30 AM,9,2,30,10,12,"Phil of the Future is the story of a teenage boy, Phil Diffy, his younger sister, Pim, and their parents, who find themselves living in the 21st century when their time travel vehicle malfunctions in flight. While their goal is to repair the time travel vehicle and return to their home in the 22nd century, for the time being they must conceal their identities, their futuristic traits and their gadgets to ""blend in"" with the locals. The Diffys enroll Phil and Pim in public school, where Phil excels in higher math and Pim, who is a rebel by nature, must learn to live by middle school rules. The series conveys relevant messages about growing up. Some of the issues that are explored in this series are sibling rivalry, responsibility, dealing with authority (parent/child and teacher/student conflict), peer pressure, self-acceptance, loyalty, and honesty.",2,n/a,n/a,n/a
2004,WCVB-TV,ABC,Boston,3.5,analog,LIZZIE MCGUIRE (MOVED TO SUNDAYS ON 12/19),core,network,Saturdays 8:30-9:00 AM,9,2,30,9,12,"""Lizzie McGuire"" is the story of an ingenious twelve-year-old girl who attends an ethnically diverse middle school. Her best friends are Miranda, a feisty Hispanic girl, and a boy named Gordo. Lizzie has a gifted younger brother who is frequently the source of conflict. Their parents handle their children's crises with humor and affection. Stories are realistic, revolving around school issues, rules, peer pressure, the struggle to find a comfortable identity, trust, facing one's mistakes, and the emotional ups-and-downs of pre-adolescence. Particular strengths of this series are its believability and the creation of a live action series that features a strong, positive girl in the lead role.",2,n/a,n/a,n/a
2004,WCVB-TV,ABC,Boston,3.5,analog,LILO & STITCH,core,network,Saturdays 9:00-9:30 AM,12,1,30,7,10,"Lilo, a precocious girl of about five, and her alien pet Stitch live with Lilo's sister Nani. Nani is trying to keep their little family together after the tragic death of their parents in an automobile accident. Although still a teen herself, Nani works several jobs and struggles to be an adult role model for Lilo. Two alien characters, Jumba and Pleakley, who arrived on planet Earth at the same time as Stitch, live with Nani and Lilo while pretending to be their aunt and uncle. This ploy is intended to convince the Department of Social Services that the household is well managed and there is no need for foster-care placement for Lilo. Series episodes illustrate developmentally appropriate issues, among which are peer pressure, coping with bereavement, family and school rules and problem solving. Stories convey messages about truthfulness, responsibility, acceptance and trust. The series includes Hawaiian language, music, dance and custom, exposing our broad ABC audience to the richness of Pacific Rim culture.",1,n/a,n/a,n/a
2004,WCVB-TV,ABC,Boston,3.5,analog,DISNEY'S FILLMORE,core,network,Saturdays 9:30-10:00 AM,12,1,30,9,12,"""Fillmore"" is a detective series that takes place in a middle school. The stars of the stories are the members of X Middle School's Safety Patrol, a multi-ethnic group of youth who wear the orange sash and badge of peer authority. They investigate and foil misdeeds in the school setting. Cornelius Fillmore, a boy with a history of disciplinary problems, upon entering X Middle School is resolved to change his ways. Joining the Safety Patrol, he focuses keen problem-solving skills and physical prowess in the service of order and fairness. His Safety Patrol partner, the brilliant Ingrid Third, also had disciplinary problems while she attended a number of schools. Ingrid and Fillmore work to detect clues about perpetrators of school mischief such as bullying, cheating, theft, graffiti, scams, and prejudicial behavior. Series episodes illustrate developmentally appropriate issues, such as competition and peer pressure, coping with change, improving relationships with teachers and administrators, and dealing with family rules. Within the mystery plots are woven messages about honor, conscience and trust.",1,n/a,n/a,n/a
2004,WCVB-TV,ABC,Boston,3.5,analog,THE PROUD FAMILY,core,network,Saturdays 10:00-10:30 AM,12,1,30,10,13,"""The Proud Family"" follows the daily activities of fourteen-year-old Penny Proud and her African-American family consisting of parents Trudy Proud (a veterinarian) and Oscar Proud (self-employed businessman), a no-nonsense Grandmother Suga Mama who resides with family, and twin sisters BeBe and CeCe. Penny's friends are Dijonay and Sticky, and the neighboring Boulevardez family, whose daughter, La Cienega, is Penny's rival. Teachers and classmates also populate the stories. The majority of the characters in this children's series are ethnic minorities. Penny faces the struggles of adolescence along with the challenge of balancing academic life (middle school) and home obligations. Series episodes explore issues particularly relevant to 10 to 13 year olds: maintaining social relationships, overcoming self-doubt, standing up for one's beliefs, dealing with peer pressure, relating to authority and rules, assuming responsibility, appreciating differences (gender, race, and generational), maintaining loyalty to family, and cultivating values such as honesty and persistence.",0,n/a,n/a,n/a
2004,WCVB-TV,ABC,Boston,3.5,analog,THAT'S SO RAVEN,core,network,"Saturdays, 10:30-11:00 AM",12,1,30,10,13,"Raven, a young teen who has inherited her grandmother's trait of clairvoyance, is a normal, happy and resourceful young woman. However, at times Raven worries that she is a freak because of her clairvoyant abilities. She has a younger brother, Cory, age ten. They are typical siblings, with the tension and rivalry that most siblings experience. Raven attends public high school. Both parents are employed outside the home. They are loving parents and good disciplinarians. Raven is often responsible for the after-school safety and activities of her brother, Cory. Her closest friends are Chelsea and Eddie, who are fiercely committed to environmental issues and sports, respectively. Raven's parents and closest friends know about her visions of the immediate future. The premonitions often prompt her to attempt to intervene before trouble occurs. Sometimes Raven's interventions backfire, and at other times the foreseen events come true, bringing embarrassment or sadness. Raven learns valuable lessons from her blunders and transgressions. Thus, the visions set up issues that the core episodes of this series explore. The series uses humor to convey strong, relevant messages about growing up. Some of the issues that are the focus of episodes are sibling rivalry, popularity, loyalty, self-acceptance, dealing with authority (school and parental), honesty, coping with jealousy, and consequences of lying or cheating.",0,n/a,n/a,n/a
2004,WCVB-TV,ABC,Boston,3.5,analog,PHIL OF THE FUTURE (UFN) (MOVED 12/19),core,network,Sundays 9:00 AM,2,0,30,10,12,"""Phil of the Future"" is the story of a teenage boy, Phil Diffy, his younger sister, Pim, and their parents, who find themselves living in the 21st century when their time travel vehicle malfunctions in flight. While their goal is to repair the time travel vehicle and return to their home in the 22nd century, for the time being they must conceal their identities, their futuristic traits and their gadgets to ""blend in"" with the locals. The Diffys enroll Phil and Pim in public school, where Phil excels in higher math and Pim, who is a rebel by nature, must learn to live by middle school rules. The series conveys relevant messages about growing up. Some of the issues that are explored in this series are sibling rivalry, responsibility, dealing with authority (parent/child and teacher/student conflict), peer pressure, self-acceptance, loyalty, and honesty.",99,n/a,n/a,n/a
2004,WCVB-TV,ABC,Boston,3.5,analog,LIZZIE MCGUIRE (MOVED 12/19),core,network,Sundays 9:30 AM,2,0,30,9,12,"""Lizzie McGuire"" is the story of an ingenious twelve-year-old girl who attends an ethnically diverse middle school. Her best friends are Miranda, a feisty Hispanic girl, and a boy named Gordo. Lizzie has a gifted younger brother who is frequently the source of conflict. Their parents handle their children's crises with humor and affection. Stories are realistic, revolving around school issues, rules, peer pressure, the struggle to find a comfortable identity, trust, facing one's mistakes, and the emotional ups-and-downs of pre-adolescence. Particular strengths of this series are its believability and the creation of a live action series that features a strong, positive girl in the lead role.",99,n/a,n/a,n/a
2004,WCVB-TV,ABC,Boston,3.5,analog,TEEN KIDS NEWS,core,syndicated,Sundays 9:00 AM,11,0,30,13,16,"Hosted by a diverse team of young journalists. The child-oriented newscast covers serious news topics like terrorism, bullying, health issues as well as entertainment. International news and a regular segment with the Weekly Reader will also be featured.",99,n/a,n/a,n/a
2004,WCVB-TV,ABC,Boston,3.5,analog,TEEN KIDS NEWS (UFN) (MOVED 12/19),core,syndicated,Sundays 10:00 AM,2,0,30,13,16,"Hosted by a diverse team of young journalists. The child-oriented newscast covers serious news topics like terrorism, bullying, health issues as well as entertainment. International news and a regular segment with the Weekly Reader will also be featured.",99,n/a,n/a,n/a
2004,WDPX,PAX TV,Boston,3,analog,TOTALLY PETS E/I,core,network,Saturdays / October 2nd - December 25th / 6:00 p.m. ET/PT or 5:00 p.m. CT/MT,13,0,30,13,16,"Totally Pets is a half-hour program that focuses on pets, pet lovers and the many ways to keep our pets healthy and happy. Hosted by Cyndy Garvey, Totally Pets aims to show viewers the wonderful, entertaining, occasionally bizarre world of our animal pals... and help us all be better pet parents in the process!",99,n/a,n/a,n/a
2004,WDPX,PAX TV,Boston,3,analog,ANIMAL TAILS E/I,core,network,Saturdays / October 2nd - December 25th / 6:30 p.m. ET/PT or 5:30 p.m. CT/MT,13,0,30,13,16,"Animal Tails is a half-hour, taped television program with a live, participating audience. This show is designed to meet the educational and informational needs of children between the ages of 13 and 16. Each episode follows the host, Mark Curry, as he spends time with people, pets and exotic animals as they recount their real-life adventures. Mark also talks with people knowledgeable about each animal, teaching as he goes. Each episode is designed to reveal to children the world around them in a way that presents positive role models and pro-social values.",99,n/a,n/a,n/a
2004,WDPX,PAX TV,Boston,3,analog,MIRACLE PETS E/I,core,network,Sundays / October 3rd - December 26th / 6:00 p.m. ET/PT or 5:00 p.m. CT/MT,13,0,60,13,16,"Miracle Pets is a one-hour live-action program. This show is designed to meet the educational and informational needs of children between the ages of 13 and 16. Each episode explores different short re-enactments of pets/animals doing heroic, extraordinary actions. Children learn positive role models, pro-social values and the importance of taking care of the pets in their lives.",99,n/a,n/a,n/a
2004,WDPX,PAX TV,Boston,3,analog,MIRACLE PETS E/I,core,network,Mondays / October 4th - December 27th / 3:00 p.m. ET/PT or 2:00 p.m. CT/MT,13,0,60,13,16,"Miracle Pets is a one-hour live-action program. This show is designed to meet the educational and informational needs of children between the ages of 13 and 16. Each episode explores different short re-enactments of pets/animals doing heroic, extraordinary actions. Children learn positive role models, pro-social values and the importance of taking care of the pets in their lives.",99,n/a,n/a,n/a
2004,WFXT,FOX,Boston,3.9,analog,THIS WEEK IN BASEBALL,core,network,Sat 12:30 (10/2),1,0,30,13,15,"This Week in Baseball hightlights the pro-social on-and-off the field activities of MLB's leading players and coaches. Working with the National Association for Sports and Physical Education (NASPE), ""This Week in Baseball"" seeks to provide today's youth with educational messages that can have an impact on development of positive lifestyle behaviors. The program portrays the positive outcomes that result from dedication, hard work, self-discipline, teamwork, practice and personal responsibilities. The program also relates the achievements and experiences of baseball players to potential achievements in life. The program is regularly scheduled and airs between the hours of 7:00am and 10:00pm. The program is 30 minutes in length,and is identified as an educational and informational show, targeted to teens (13-16 yrs old) at the beginning of each broadcast and in listings provided to publishers of program guides.",99,n/a,n/a,n/a
2004,WFXT,FOX,Boston,3.9,analog,WINX CLUB,core,network,Saturday 8:30am10/2-10/23-11/6-12/25,12,1,30,6,11,"“WINX CLUB” utilizes fairy castles, magical caverns and timeless villages as a backdrop for coming-of-age lessons, group problem-solving, cooperative investigations and the important social and emotional learning opportunities that children need to develop the valuable emotional competencies of resilience, empathy and self-confidence. In each episode, as a conflict arises, the fairies pool their unique capabilities to find a solution comprised of the sum total of their special talents. Life scenarios that commonly worry children, from feeling vulnerable and powerless to being lost or separated from loved ones, are enacted throughout the series and a variety of practical behavioral solutions are presented. “WINX CLUB” promotes the development of social skills, with actions such as speaking kindly to others, doing good for one’s community, and managing anger appropriately, integrated into the show’s humor. These social competencies are now considered legitimate and necessary objectives of school curricula. The program is regularly scheduled and airs between the hours of 7:00am and 10:00 pm. The program is 30 minutes in length, and is identified as an educational and informational show, targeted to 6 - 11 year olds, at the beginning of each broadcast and in listings provided to publishers of program guides.",1,n/a,n/a,n/a
2004,WFXT,FOX,Boston,3.9,analog,ANIMAL ATLAS,core,syndicated,Sunday 8:30am (10/2-12/25),13,0,30,12,16,N/A,99,n/a,n/a,n/a
2004,WFXT,FOX,Boston,3.9,analog,PET KEEPING WITH MARC MORRONE,core,syndicated,Sat 7:30am (10/2-12/25) Sun 7:30am (10/2-12/25),26,0,30,6,13,"An engaging program for teens and their families. The knowledgable content of host Marc Morrone and his wonderful menagerie of animal friends will also capture the attention of younger children. Information is practical, lively and presented at just the right pace. It is an especially nice touch to see that this unscripted program, part neighborly chat and part animal insight, offers unique advice and helful tips on anything from housebreaking a puppy to supplementing a lizard's diet. There is a great amount to learn from animals, particularly the pets that so closely share our lives. This is an intelligent and entertaining program that is fun; the fact that it also gives us answers makes the show very good.The program is regularly scheduled and airs between the hours of 7:00am and 10:00pm. The program is 30 minutes in length, and is identified as an educational and informational show, targeted to6 to 15 years olds, at the beginning of each broadcast and in listings provided to publishers of program guides.",99,n/a,n/a,n/a
2004,WFXT,FOX,Boston,3.9,analog,WILD ABOUT ANIMALS,core,syndicated,Saturday 7am (10/2-12/25) Sunday 8am (10/3-12/26),26,0,30,13,16,"The objective of this series is to educate and inform children by bringing them the most entertaining and interesting stories about the world's most fascinating animals. Each episode consists of at least 4 stories designed to teach children about exotic and unique animals from the wild, as well as to educate them further about animals seen in everyday life.",99,n/a,n/a,n/a
2004,WFXT,FOX,Boston,3.9,analog,AWESOME ADVENTURES,core,syndicated,Sunday 7:00am (10/2-12/25),13,0,30,13,16,"AWESOME ADVENTURES is a weekly half-hour adventure series that airs 52 weeks a year. Our host, as well as two different teenagers each week, travel all over the world to both exotic and remote locations. ""AWESOME ADVENTURES"" is designed to educate, inform and entertain children 16 and under (specific target audience is 13-16) about the world around them. Each journey is a lesson in the beauty of nature, its creatures, and the people who inhabit the land. The shows are not designed to be ""preachy"" or overly pedantic, but rather, the goal is to make the learning fun.",99,n/a,n/a,n/a
2004,WFXZ-CA,MTV2,Boston,3,analog,ZEBBY'S ZOO,core,syndicated,SATURDAY 7:00 AM - 8:00 AM,26,0,30,2,6,"ZEBBY'S ZOO FOLLOWS THE MANY ADVENTURES OF ZEBBY THE TALKING ZEBRA AND HIS FRIENDS. ZEBBY'S ZOO FURTHERS THE EDUCATIONAL AND INFORMATIONAL NEEDS OF CHILDREN 2 TO 6 INTRODUCING YOUNGER CHILDREN TO GOOD VALUES, FITNESS/HEALTH, BASIC SPELLING, ARITHMETICS AND HOME AND NEIGHBORHOOD SAFETY.",99,n/a,n/a,n/a
2004,WFXZ-CA,MTV2,Boston,3,analog,DID YOU EVER WONDER,core,syndicated,SATURDAY 8:00 - 8:30 AM,13,0,30,8,12,"DID YOU EVER WONDER IS A NATIONALLY ACCLAIMED CHILDREN'S SERIES THAT FURTHERS THE EDUCATIONAL AND INFORMATIONAL NEEDS OF CHILDREN AGES 8 TO 12. DID YOU EVER WONDER PROVIDES ANSWERS TO THE WHY AND HOW ON A WIDE VARIETY OF TOPICS SUCH AS MAKING CHOCOLATE, CEREAL AND PAPER AND HOW COMPUTERS, PLANES AND AUTOS ARE BUILT.",99,n/a,n/a,n/a
2004,WFXZ-CA,MTV2,Boston,3,analog,LOVE TO TALK,core,syndicated,SATURDAY 8:30 - 10:00 AM,13,0,90,12,16,"LOVE TO TALK FURTHERS THE EDUCATIONAL AND INFORMATIONAL NEEDS OF CHILDREN AGES 12 TO 16 BY FOCUSING ON THE MANY PROBLEMS ENCOUNTERED BY YOUNG TEENS AND PRE-TEENS. THIS ""LARRY KING"" TYPE TELEVISION TALK SHOW IS HOSTED BY ROBERT HOLT OF L.O.V.E. (LET OUR VIOLENCE END) AN ARKANSAS BASED INTERVENTION AND PREVENTION ORGANIZATION THAT HAS DEVELOPED A NATIONWIDE REPUTATION FOR REACHING OUT TO TEENS. LOVE TO TALK TAKES MEDATED CALLS FROM TEENS, PARENTS AND EDUCATORS AND INCLUDES TOPICS SUCH AS TEEN SEX, RELATIONSHIPS, DRUGS AND ALCOHOL, TEEN PREGNANCY, RACISM AND NUMEROUS OTHER TOPICS THAT DIRECTLY AFFECT THE YOUNG PEOPLE OF TODAY.",99,n/a,n/a,n/a
2004,WHDH-TV,NBC,Boston,3,analog,KENNY THE SHARK,core,network,"SATURDAYS, 11:00 AM - 11:30 AM",12,1,30,9,14,"KENNY THE SHARK is an eight foot tall shark who lives on land with his owner, ten-year-old Kat. Much of the adventure and humor in this show emerges from the problems that accompany managing the life of a shark trying to live in the incongruous world of human beings. Kenny is literally a big predator “fish out of water.” The educational goal of this show is to provide the audience with an introductory knowledge of shark behavior and biology. Also each story has an educational theme based on a dilemma facing Kat or Kenny when they have to make decisions, solve problems, or act responsibly to correct something Kenny did wrong. Their resolution of the problem offers the educational message for each episode of the show.",0,n/a,n/a,n/a
2004,WHDH-TV,NBC,Boston,3,analog,TUTENSTEIN,core,network,"SATURDAYS, 11:30 AM - 12:00 Noon",12,1,30,9,14,"TUTENSTEIN is a resurrected ten-year-old boy mummy who thinks that he is still King Tuten-Astennu, Pharaoh and ruler of the world. Little does he understand that three millennia have passed and everything around him has changed. The show’s educational content includes Egyptology and social-emotional messages. Egyptology is presented through the introduction of historically accurate depictions of myths, legends, demons and gods. In each story Tut and his sidekicks, Cleo and her cat, Luxor, have an adventure where the ancients are resurrected as allies or enemies in a conflict that takes place in modern times. Most of the socio-emotional lessons revolve around learning to plan, being less selfish, and considering the consequences of impulsive behavior. Cleo is usually the voice of reason for Tut, as she is the one who has to problem-solve their way out of each escapade they encounter.",0,n/a,n/a,n/a
2004,WHDH-TV,NBC,Boston,3,analog,TRADING SPACES: BOYS VS. GIRLS,core,network,"SATURDAYS, 12 NOON - 12:30 PM",12,1,30,9,14,"Boys and girls get to show how well they know each other, how effectively they can manage a budget, and how skillfully they can execute a design plan in Trading Spaces: Boys vs. Girls. Each week a boy or girl will be given two days and $5000 dollars to complete a renovation of their partner’s “room.” The space might be a bedroom, a recreation room, or a club house, but the “designer” has to show his or her knowledge of the other person’s preferences, hobbies, and lifestyle to come up with a good design. Then, the challenge of balancing the budget and figuring out the renovation process begins. Participants will learn measurement, spatial reasoning, and principles of aesthetic design as they go through the experience. In the end, they will find out if their knowledge and perception of their partner was on or off base.",0,n/a,n/a,n/a
2004,WHDH-TV,NBC,Boston,3,analog,ENDURANCE,core,network,"SATURDAYS, 12:30 PM - 1:00 PM",12,1,30,9,14,"ENDURANCE is an engrossing program that shows the target audience succeeding at several different physical, intellectual and strategic challenges in order to win a fabulous travel prize. Each of the 12 competitive challenges is a metaphor for the challenges our target audience will face in real life. In addition, there are strategic challenges based on ten character traits that are important for success. Contestants must estimate probabilities and beat the odds. Overall, the competition balances luck or fate against personal effort so that the contestants learn to balance intellect with intuition in developing their winning strategy. Narration and interviews during each episode trace the emotional growth and insights of the contestants, with an emphasis on how the experience of protracted competition and teamwork teaches both social skills and life skills for achieving success with your goals.",0,n/a,n/a,n/a
2004,WHDH-TV,NBC,Boston,3,analog,STRANGE DAYS AT BLAKE HOLSEY HIGH,core,network,"SATURDAYS, 1:00 PM - 1:30 PM",10,3,30,9,14,"STRANGE DAYS AT BLAKE HOLSEY HIGH focuses on a group of five young teens who are students at a very unusual boarding school. Strange phenomena happen at the school, and our kids are members of a science club that decides, with the help of their professor, to figure it all out. The initiator of many of their investigative processes is the newest student to the school, Josie Trent. In exploring the larger mystery of why the phenomena occur, our kids also deal with issues relating to their socio-emotional development. The educational goal of the program is to embed scientific content in a narrative story with strong socio-emotional messages. In each episode, one of the main characters models a learning process that relates to their social competence. Each episode also explores science content that relates to resolving an immediate problem or some aspect of the larger mystery. Specific objectives are to expose the audience to content about the physical sciences, such as black holes, worm holes, vortexes, gravity, electricity, satellite transmissions and radio frequencies. Through the characters’ experiments, the audience is exposed to the scientific method, hypothesis testing and analysis of data. Other objectives are to model the development of group cohesion, teamwork, and social competence within the group and between the group and other significant people in their lives.",3,n/a,n/a,n/a
2004,WHDH-TV,NBC,Boston,3,analog,DARCY'S WILD LIFE,core,network,"SUNDAYS, 7:00 - 7:30 AM",13,0,30,9,14,"“Darcy’s Wild Life” follows the development of 15-year-old Darcy Fields, the pampered daughter of a top Hollywood movie-star who was plucked out of a life of limos, movie-premiers and world class restaurants to live a ""no frills"" life in rural Idaho. Darcy's initial resentment gives way to optimism as she makes new friends and becomes a part of the community. The educational goal of the program is for the main character, Darcy, to model the learning process in adjusting to a new environment that is the complete antithesis of her old life. Darcy comes to a deeper understanding of herself, the value of relationships, and the insignificance of material things. This occurs as she adjusts to her new surroundings and a new group of friends who have totally different perspectives on life. Specific objectives are to show Darcy, with her Hollywood mentality, navigating her way through life on a farm and relating to people who have a different outlook on life. The viewer will also learn about the care and treatment of a variety of animals that live on farms or in the wild.",99,n/a,n/a,n/a
2004,WHDH-TV,NBC,Boston,3,analog,ANIMAL RESCUE,non-core,syndicated,"SATURDAYS, 6:30 - 7:00 AM",13,0,30,13,16,"ANIMAL RESCUE SHOWCASES SPECTACULAR RESCUES OF ALL TYPES OF ANIMALS AND FOCUSES ON THE WORK OF DEDICATED INDIVIDUALS WHO TREAT THE VARIOUS CREATURES OF THE ANIMAL KINGDOM. ALL STORIES ARE AUTHENTIC AND CONTAIN ACTUAL VIDEO OF RESCUES. SERIES IS ""G"" RATED AND IS SUITABLE FOR FAMILY VIEWING.",99,n/a,n/a,n/a
2004,WLVI-TV,WB Network,Boston,3.5,analog,WILD AMERICA,core,syndicated,SATURDAY'S 7AM,13,0,30,13,16,"Wild America's key educational objective is to familiarize children with the animals of the North American continent, their interaction with other animals and their environment. Throughout the series, emphasis is placed upon protecting endangered species and the impact that humans have while interacting in their environment. Children achieve a greater understanding of nature and specific animal species because of the up-close and detailed photography of the series. Through this understanding, children better relate to the natural environment as it exists in North America and learn to protect its natural species.",99,n/a,n/a,n/a
2004,WLVI-TV,WB Network,Boston,3.5,analog,SABRINA'S SECRET LIFE,core,syndicated,MON & TUES & WED 2:30 PM,39,0,30,8,12,"Young Sabrina's lessons in how to be a good witch are demanding, but they pale in comparison to what she must learn in order to be a good human: loyalty, honesty, self-efficacy, tolerance, perseverance, independence. Each week Sabrina confronts her two sides and discovers that the magic of becoming human is even more demanding and more powerful than the magic of the Netherworld. As she struggles to understand and master her human side, Sabrina serves as an ideal role-model for the eight- to twelve-year-old audience. Sabrina is positive, self-reliant, competent...and open to new ideas. She listens, learns, and does what is necessary to reinforce the lesson for others. And with the help and guidance of her family and friends both Sabrina and the viewing audience come to understand what it takes to become a fully functioning, truly good human being. Attractive and engaging characters, entertaining story lines that mirror the kinds of issues and situations that concern children in middle childhood, and stories that flow from and examine those issues in concrete, explicit terms that children can understand.",99,n/a,n/a,n/a
2004,WLVI-TV,WB Network,Boston,3.5,analog,LIBERTY'S KIDS,core,syndicated,THURS AND FRI at 2:30 PM AND SAT 7:30 AM,40,0,30,7,12,"Liberty's Kids is designed to enable viewers to experience, in fresh and exciting ways, the extraordinary period of 1773 to 1789 in American history, as the thirteen colonies, led by a group of courageous and brilliant individuals fought for freedom from Britain and established a new nation. It uses powerful storytelling to address three primary educational goals: - To introduce young people to an extensive cast of remarkable historical figures, from Ben Franklin to Phillis Wheatley, and to enable them to understand the incredible sacrifices these individuals made to help found the United States. - To guide young people through the entire sequence of amazing events that led to the creation of a new nation, from the homes of ordinary Americans and the meeting halls from Virginia to Massachusetts to the numerous battlefields in the colonies and the royal courts of France and England. - To help young people understand the importance of key philosophical, social and political issues at the heart of the American Revolution by setting these issues in actual historical contexts, by having individuals such as Jefferson and Paine explain these issues and by seeing the impact of these issues on the lives of ordinary citizens. And to always to do so in ways that are age-appropriate for our target audience.",99,n/a,n/a,n/a
2004,WMFP,n/a,Boston,3,analog,NEW ZOO REVUE,core,syndicated,"Wednesday, 7-7:30am",13,0,30,2,6,"Teaching children education and morality through both real and fictional characters. Using topics such as lying, obedience, friendship, etc. New Zoo Revue is accepted by the NEA.",99,n/a,n/a,n/a
2004,WMFP,n/a,Boston,3,analog,NEW ZOO REVUE,core,syndicated,"Wednesday, 7:30-8am",13,0,30,2,6,"Teaching children education and morality through both real and fictional characters. Using topics such as lying, obedience, friendship, etc. New Zoo Revue is accepted by the NEA.",99,n/a,n/a,n/a
2004,WMFP,n/a,Boston,3,analog,NEW ZOO REVUE,core,syndicated,"Wednesday, 8-8:30am",13,0,30,2,6,"Teaching children education and morality through both real and fictional characters. Using topics such as lying, obedience, friendship, etc. New Zoo Revue is accepted by the NEA.",99,n/a,n/a,n/a
2004,WMFP,n/a,Boston,3,analog,NEW ZOO REVUE,core,syndicated,"Wednesday, 8:30-9am",13,0,30,2,6,"Teaching children education and morality through both real and fictional characters. Using topics such as lying, obedience, friendship, etc. New Zoo Revue is accepted by the NEA.",99,n/a,n/a,n/a
2004,WMFP,n/a,Boston,3,analog,ASK GILBY,core,syndicated,"Wednesday, 9-9:30am",13,0,30,2,6,"Various topics are used in skits using people to teach everyday topics such as kindness, friendship, etc.",99,n/a,n/a,n/a
2004,WMFP,n/a,Boston,3,analog,ASK GILBY,core,syndicated,"Wednesday, 9:30-10am",13,0,30,2,6,"Various topics are used in skits using people to teach everyday topics such as kindness, friendship, etc.",99,n/a,n/a,n/a
2004,WMUR-TV,ABC,Boston,3.5,analog,LILO & STITCH,core,network,Saturdays 9:00-9:30 AM (through 12/11),10,1,30,7,10,"Lilo, a precocious girl of about five, and her alien pet Stitch live with Lilo's sister Nani. Nani is trying to keep their little family together after the tragic death of their parents in an automobile accident. Although still a teen herself, Nani works ",1,n/a,n/a,n/a
2004,WMUR-TV,ABC,Boston,3.5,analog,DISNEY'S FILLMORE,core,network,"Saturdays, 9:30 -10:00 AM (through 12/11)",10,1,30,9,12,"“Fillmore!” is a detective series that takes place in a middle school. The stars of the stories are the members of X Middle School’s Safety Patrol, a multi-ethnic group of youth who wear the orange sash and badge of peer authority. They investigate and foil misdeeds in the school setting. Cornelius Fillmore, a boy with a history of disciplinary problems, upon entering X Middle School, resolved to change his ways. He joined the Safety Patrol, focusing keen problem-solving skills and physical prowess in service of order and fairness. His Safety Patrol partner, the brilliant Ingrid Third, had also had disciplinary problems. She had attended a number of schools. Ingrid and Fillmore work to detect clues as to the identity of perpetrators of school mischief such as bullying, cheating, theft, graffiti, scams, and prejudicial behavior. Series episodes illustrate developmentally appropriate issues, among which are competition and peer pressure, coping with change, improving relationships with teachers and administrators, and dealing with family rules. Within the mystery plots are woven messages about honor, conscience and trust.",1,n/a,n/a,n/a
2004,WMUR-TV,ABC,Boston,3.5,analog,THE PROUD FAMILY,core,network,Saturdays 10:00-10:30 AM,12,1,30,10,13,"“The Proud Family” revolves around the daily activities of fourteen-year-old Penny Proud and her African-American family consisting of parents Trudy Proud (a veterinarian) and Oscar Proud (self-employed businessman), a no-nonsense Grandmother Suga Mama who resides with the family, and twin sisters BeBe and CeCe. Penny’s friends are Dijonay and Sticky, and the neighboring Boulevardez family, whose daughter, La Cienega, is Penny’s rival. Teachers and classmates also populate the stories. The majority of the characters in this children’s series are ethnic minorities. Penny faces the struggles of adolescence along with the challenge of balancing academic life (middle school) and home obligations. Series episodes explore issues particularly relevant to 10- to 13-year olds: maintaining social relationships, overcoming self-doubt, standing up for one’s beliefs, dealing with peer pressure, relating to authority and rules, assuming responsibility, appreciating differences (gender, race, and generational), maintaining loyalty to family, and cultivating values such as honesty and persistence.",1,n/a,n/a,n/a
2004,WMUR-TV,ABC,Boston,3.5,analog,THAT'S SO RAVEN,core,network,"Saturdays, 10:30-11:00 AM",12,1,30,10,13,"Raven, a young teen who has inherited her grandmother’s trait of clairvoyance, is a normal, happy and resourceful young woman. However, at times Raven worries that she is a “freak” because of her clairvoyant abilities. She has a younger brother, Cory, age ten. They are typical siblings, with the tension and rivalry that most siblings experience. Raven attends public high school. Both parents are employed outside the home. They are loving parents and good disciplinarians. Raven is often responsible for the after-school safety and activities of her brother, Cory. Her closest friends are Chelsea and Eddie, who are fiercely committed to environmental issues and sports, respectively. Raven’s parents and closest friends know about her “visions” of the immediate future. The premonitions often prompt her to attempt to intervene before trouble occurs. Sometimes Raven’s interventions backfire, and at other times the foreseen events come true, bringing embarrassment or sadness. Raven learns valuable lessons from her blunders and transgressions. Thus, the “visions” set up issues that the Core episodes of this series explore. The series uses humor to convey strong, relevant messages about growing up. Some of the issues that are the focus of episodes are sibling rivalry, popularity, loyalty, self-acceptance, dealing with authority (school and parental), honesty, coping with jealousy, and consequences of lying or cheating.",1,n/a,n/a,n/a
2004,WMUR-TV,ABC,Boston,3.5,analog,PHIL OF THE FUTURE,core,network,Saturdays 11:00-11:30 AM (through 12/11),10,1,30,10,12,"“Phil of the Future” is the story of a teenage boy, Phil Diffy, his younger sister, Pim, and their parents, who find themselves living in the 21st century when their time travel vehicle malfunctions in flight. While their goal is to repair the time travel vehicle and return to their home in the 22nd century, for the time being they must conceal their identities, their futuristic traits and their gadgets to “blend in” with the locals. The Diffys enroll Phil and Pim in public school, where Phil excels in higher math and Pim, who is a rebel by nature, must learn to live by middle school rules. The series conveys relevant messages about growing up. Some of the issues that are explored in this series are sibling rivalry, responsibility, dealing with authority (parent/child and teacher/student conflicts), peer pressure, self-acceptance, loyalty, and honesty.",1,n/a,n/a,n/a
2004,WMUR-TV,ABC,Boston,3.5,analog,LILO & STITCH,core,network,"Saturdays, 11:00-11:30 AM (as of 12/18)",2,0,30,7,10,"Lilo, a precocious girl of about five, and her alien pet “Stitch” live with Lilo’s sister Nani. Nani is trying to keep their little family together after the tragic death of their parents in an automobile accident. Although still a teen herself, Nani works several jobs and struggles to be an adult role model for Lilo. Two alien characters, Jumba and Pleakley, who arrived on planet Earth at the same time as Stitch, live with Nani and Lilo while pretending to be their aunt and uncle. This ploy is intended to convince the Department of Social Services that the household is well managed and there is no need for foster-care placement for Lilo. Series episodes illustrate developmentally appropriate issues, among which are peer pressure, coping with bereavement, family and school rules and problem solving. Stories convey messages about truthfulness, responsibility, acceptance and trust. The series includes Hawaiian language, music, dance and custom, exposing our broad ABC audience to the richness of Pacific Rim culture.",99,n/a,n/a,n/a
2004,WMUR-TV,ABC,Boston,3.5,analog,LIZZIE MCGUIRE,core,network,Saturdays 11:30 AM - 12:00 PM (through 12/11),10,1,30,9,12,"""Lizzie McGuire"" is the story of an ingenious twelve-year-old girl who attends an ethnically diverse middle school. Her best friends are Miranda, a feisty Hispanic girl, and a boy named Gordo. Lizzie has a gifted younger brother who is frequently the source of conflict. Their parents handle their children's crises with humor and affection. Stories are realistic, revolving around school issues, rules, peer pressure, the struggle to find a comfortable identity, trust, facing one's mistakes, and the emotional ups-and-downs of pre-adolescence. Particular strengths of this series are its believability and the creation of a live action series that features a strong, positive girl in the lead role.",1,n/a,n/a,n/a
2004,WMUR-TV,ABC,Boston,3.5,analog,DISNEY'S FILLMORE,core,network,"Saturdays, 11:30 AM - 12:00 PM (as of 12/18)",2,0,30,9,12,"""Fillmore!"" is a detective series that takes place in a middle school. The stars of the stories are the members of X Middle School’s Safety Patrol, a multi-ethnic group of youth who wear the orange sash and badge of peer authority. They investigate and foil misdeeds in the school setting. Cornelius Fillmore, a boy with a history of disciplinary problems, upon entering X Middle School, resolved to change his ways. He joined the Safety Patrol, focusing keen problem-solving skills and physical prowess in service of order and fairness. His Safety Patrol partner, the brilliant Ingrid Third, had also had disciplinary problems. She had attended a number of schools. Ingrid and Fillmore work to detect clues as to the identity of perpetrators of school mischief such as bullying, cheating, theft, graffiti, scams, and prejudicial behavior. Series episodes illustrate developmentally appropriate issues, among which are competition and peer pressure, coping with change, improving relationships with teachers and administrators, and dealing with family rules. Within the mystery plots are woven messages about honor, conscience and trust.",99,n/a,n/a,n/a
2004,WMUR-TV,ABC,Boston,3.5,analog,TEEN KIDS NEWS,core,syndicated,"Sundays, 9:00-9:30 AM (through 12/11)",11,0,30,13,16,"""Teen Kids News"" is a dynamic television news program for teens and pre-teens-by teens. The half-hour weekly program provides information and news to students in a way that's educational as well as entertaining. The focus of the program is young people, so all the stories are in their words. This program inserts the clear informed voice of students into the adult-dominated media and provides a unique perspective that is not currently available on network news program. Weekly Reader provides educational content and works with teachers nationwide to download scripts to teach public speaking, reading, and writing skills.",99,n/a,n/a,n/a
2004,WMUR-TV,ABC,Boston,3.5,analog,TEEN KIDS NEWS,core,syndicated,"Sundays, 10:00-10:30 AM (as of 12/18)",2,0,30,13,16,"""Teen Kids News"" is a dynamic television news program for teens and pre-teens-by teens. The half-hour weekly program provides information and news to students in a way that's educational as well as entertaining. The focus of the program is young people, so all the stories are in their words. This program inserts the clear informed voice of students into the adult-dominated media and provides a unique perspective that is not currently available on network news program. Weekly Reader provides educational content and works with teachers nationwide to download scripts to teach public speaking, reading, and writing skills.",99,n/a,n/a,n/a
2004,WMUR-TV,ABC,Boston,3.5,analog,PHIL OF THE FUTURE,core,network,"Sundays, 12:00- 12:30 PM (as of 12/18)",2,0,30,10,12,"“Phil of the Future” is the story of a teenage boy, Phil Diffy, his younger sister, Pim, and their parents, who find themselves living in the 21st century when their time travel vehicle malfunctions in flight. While their goal is to repair the time travel vehicle and return to their home in the 22nd century, for the time being they must conceal their identities, their futuristic traits and their gadgets to “blend in” with the locals. The Diffys enroll Phil and Pim in public school, where Phil excels in higher math and Pim, who is a rebel by nature, must learn to live by middle school rules. The series conveys relevant messages about growing up. Some of the issues that are explored in this series are sibling rivalry, responsibility, dealing with authority (parent/child and teacher/student conflicts), peer pressure, self-acceptance, loyalty, and honesty.",99,n/a,n/a,n/a
2004,WMUR-TV,ABC,Boston,3.5,analog,LIZZIE MCGUIRE,core,network,"Sundays, 12:30-1:00 PM (as of 12/18)",2,0,30,9,12,"""Lizzie McGuire"" is the story of an ingenious twelve-year-old girl who attends an ethnically diverse middle school. Her best friends are Miranda, a feisty Hispanic girl, and a boy named Gordo. Lizzie has a gifted younger brother who is frequently the source of conflict. Their parents handle their children's crises with humor and affection. Stories are realistic, revolving around school issues, rules, peer pressure, the struggle to find a comfortable identity, trust, facing one's mistakes, and the emotional ups-and-downs of pre-adolescence. Particular strengths of this series are its believability and the creation of a live action series that features a strong, positive girl in the lead role.",99,n/a,n/a,n/a
2004,WNDS,n/a,Boston,3,analog,CRITTER GITTERS,core,syndicated,MONDAY 3;30PM,13,0,30,6,16,"THE CRITTER GITTERS TEAM WORKS TO EDUCATE VIEWERS ABOUT CERTAIN TYPES OF ANIMALS FROM ALL AROUND THE WORLD INCLUDING WHERE THEY LIVE, THE FOOD THEY EAT TO SURVIVE AND THEIR PURPOSE IN THE ANIMAL KINGDOM.",99,n/a,n/a,n/a
2004,WNDS,n/a,Boston,3,analog,JACK HANNA'S ANIMAL ADVENTURES,core,syndicated,TUESDAY & THURSDAY 3:30PM,26,0,30,7,16,"JACK HANNA TAKES VIEWERS TO VARIOUS COUNTRIES AND LOCALES TO LEARN MORE ABOUT THE ANIMALS THAT INHABIT THAT REGION. RESPECT FOR ANIMALS IS TAUGHT AS JACK EXPLAINS THAT ANIMALS, IF TREATED PROPERLY ARE NOT TOBE FEARED.",99,n/a,n/a,n/a
2004,WNDS,n/a,Boston,3,analog,THE DOOLEY AND PALS SHOW,core,syndicated,WEDNESDAY 3;30PM,13,0,30,2,5,"THIS SHOW COMBINES LIVE ACTION AND 3-D ANIMATION AND STIMULATES GROWTH AND DEVELOPMENT IN THE AUDIENCE SUCH AS PHYSICAL, COMMUNICATION AND PROBLEM-SOLVING SKILLS AND ALSO PROMOTES FAMILY VALUES.",99,n/a,n/a,n/a
2004,WNDS,n/a,Boston,3,analog,ANIMAL RESCUE,core,syndicated,FRIDAY 3;00PM,13,0,30,5,15,"THIS PROGRAM CHRONICLES THE ADVENTURES OF TEAMS OF ANIMAL RESCUE PERSONNEL, WHO GO ABOUT SAVING ANIMALS IN TROUBLE. THE RESCUERS TAKE EXTREME CARE WHEN HELPING ANIMALS. vIEWERS LEARN THAT IF THEY SEE ANIMALS IN PERIL, THEY SHOULD CONTACT PROFESSIONAL RESCUE PEOPLE WHENEVER POSSIBLE, SINCE THEY ARE BETTER PREPARED TO HANDLE RHESE SITUATIONS.",99,n/a,n/a,n/a
2004,WNDS,n/a,Boston,3,analog,PET KEEPING,core,syndicated,FRIDAY 3;30PM,13,0,30,13,16,"PET KEEPING IS AN ENGAGING PROGRAM FOR TEENS AND THEIR FAMILIES. THE HOST MARC MORRONE AND HIS MENAGERIE OF ANIMAL FRIENDS WILL ALSO CAPTURE THE ATTENTION OF YOUNGER CHILDREN. INFORMATION IS PRACTICAL AND LIVELY. THIS UNSCRIPTED PROGRAM IS PART NEIGHBORLY CHAT, PART ANIMAL ADVICE AND HELPFUL TIPS.",99,n/a,n/a,n/a
2004,WNEU,Telemundo,Boston,3,analog,DORA LA EXPLORADORA,core,network,Saturdays 8:00am-8:30am,13,0,30,2,5,In this series seven-year-old Dora and her monkey travel companion Boots invite the audience to join them each week on a journey in which they will have to overcome various obstacles to reach an end goal. The series uses a CD-ROM/on-line adventure game fo,99,n/a,n/a,n/a
2004,WNEU,Telemundo,Boston,3,analog,DORA LA EXPLORADORA,core,network,Saturdays 8:30am-9:00am,13,0,30,2,5,In this series seven-year-old Dora and her monkey travel companion Boots invite the audience to join them each week on a journey in which they will have to overcome various obstacles to reach an end goal. The series uses a CD-ROM/on-line adventure game fo,99,n/a,n/a,n/a
2004,WNEU,Telemundo,Boston,3,analog,OYE ARNOLD,core,network,Sundays 8:00am-8:30am,13,0,30,6,9,"This series revolves around the adventures of nine-year-old Arnold, who lives in his grandparents' boarding house, where he must interact with a group of eccentric boarders, as well as with his friends and other neighborhood children. Arnold uses his creativity, resourcefulness and calm to deal with issues presented by life as a fourth grader in the big city. The objectives of this series are to help elementary school aged children to acquire better personal and social development skills through life-lessons, themes and stories that will cause them to think, assess, explore and monitor their own behavior, and to introduce them to a variety of people and issues in order to provide them with a springboard for understanding experiences in their own lives. This program is specifically designed to further the educational and informational needs of children, has educating and informing children as a significant purpose, and otherwise meets the definition of Core Programming as specified in the Commission's rules.",99,n/a,n/a,n/a
2004,WNEU,Telemundo,Boston,3,analog,OYE ARNOLD,core,network,Sundays 8:30am-9:00am,13,0,30,6,9,"This series revolves around the adventures of nine-year-old Arnold, who lives in his grandparents' boarding house, where he must interact with a group of eccentric boarders, as well as with his friends and other neighborhood children. Arnold uses his creativity, resourcefulness and calm to deal with issues presented by life as a fourth grader in the big city. The objectives of this series are to help elementary school aged children to acquire better personal and social development skills through life-lessons, themes and stories that will cause them to think, assess, explore and monitor their own behavior, and to introduce them to a variety of people and issues in order to provide them with a springboard for understanding experiences in their own lives. This program is specifically designed to further the educational and informational needs of children, has educating and informing children as a significant purpose, and otherwise meets the definition of Core Programming as specified in the Commission's rules.",99,n/a,n/a,n/a
2004,WNEU,Telemundo,Boston,3,analog,RUGRATS CRECIDOS,core,network,Sundays 9:00am-9:30am,13,0,30,5,8,"This series follows the Rugrats toddlers when they have reached their pre-teen years, and includes occasional flashbacks to the ""missing years"", which provide insights and explanations as to how their characters have evolved. The program explores issues such as seeking independence, relationships with parents, grappling with one's identity, and finding one's place socially. The objectives of this series are to provide viewers with age-appropriate life lessons that they can utilize as they undergo their own social and personal experiences. This program is specifically designed to further the educational and informational needs of children, has educating and informing children as a significant purpose, and otherwise meets the definition of Core Programming as specified in the Commission's rules.",99,n/a,n/a,n/a
2004,WNEU,Telemundo,Boston,3,analog,RUGRATS CRECIDOS,core,network,Sundays 9:30am-10:00am,13,0,30,5,8,"This series follows the Rugrats toddlers when they have reached their pre-teen years, and includes occasional flashbacks to the ""missing years"", which provide insights and explanations as to how their characters have evolved. The program explores issues such as seeking independence, relationships with parents, grappling with one's identity, and finding one's place socially. The objectives of this series are to provide viewers with age-appropriate life lessons that they can utilize as they undergo their own social and personal experiences. This program is specifically designed to further the educational and informational needs of children, has educating and informing children as a significant purpose, and otherwise meets the definition of Core Programming as specified in the Commission's rules.",99,n/a,n/a,n/a
2004,WPXG,PAX TV,Boston,3,analog,TOTALLY PETS E/I,core,network,Saturdays / October 2nd - December 25th / 6:00 p.m. ET/PT or 5:00 p.m. CT/MT,13,0,30,13,16,"Totally Pets is a half-hour program that focuses on pets, pet lovers and the many ways to keep our pets healthy and happy. Hosted by Cyndy Garvey, Totally Pets aims to show viewers the wonderful, entertaining, occasionally bizarre world of our animal pals",99,n/a,n/a,n/a
2004,WPXG,PAX TV,Boston,3,analog,ANIMAL TAILS E/I,core,network,Saturdays / October 2nd - December 25th / 6:30 p.m. ET/PT or 5:30 p.m. CT/MT,13,0,30,13,16,"Animal Tails is a half-hour, taped television program with a live, participating audience. This show is designed to meet the educational and informational needs of children between the ages of 13 and 16. Each episode follows the host, Mark Curry, as he sp",99,n/a,n/a,n/a
2004,WPXG,PAX TV,Boston,3,analog,MIRACLE PETS E/I,core,network,Sundays / October 3rd - December 26th / 6:00 p.m. ET/PT or 5:00 p.m. CT/MT,13,0,60,13,16,"Miracle Pets is a one-hour live-action program. This show is designed to meet the educational and informational needs of children between the ages of 13 and 16. Each episode explores different short re-enactments of pets/animals doing heroic, extraordinary actions. Children learn positive role models, pro-social values and the importance of taking care of the pets in their lives.",99,n/a,n/a,n/a
2004,WPXG,PAX TV,Boston,3,analog,MIRACLE PETS E/I,core,network,Mondays / October 4th - December 27th / 3:00 p.m. ET/PT or 2:00 p.m. CT/MT,13,0,60,13,16,"Miracle Pets is a one-hour live-action program. This show is designed to meet the educational and informational needs of children between the ages of 13 and 16. Each episode explores different short re-enactments of pets/animals doing heroic, extraordinary actions. Children learn positive role models, pro-social values and the importance of taking care of the pets in their lives.",99,n/a,n/a,n/a
2004,WSBK,UPN,Boston,3,analog,BERENSTAIN BEARS,core,syndicated,Saturdays 7:00am - 7:30am,13,0,30,3,6,"The wonderful Berenstain Bears of classic children's book fame comes to the television screen to educate and entertain 3 - 6-year-olds & uses the prosocial messages about family, friends, and the problems and issues of early childhood. Focusing on family and friendship, Mama, Papa, Sister, and Brother Bear encounter a host of problems and issues important to most young children (and their parents). Ranging from why politeness matters, through not letting one's imagination control them, to why it's important to tell the truth, the Bear Cubs ask the same kinds of questions and learn the same kinds of lessons that children everywhere must grapple with. The Berenstain Bears is a series that celebrates family, friendship, and respect for others and addresses many of the questions that young children have always raised, at the same time that it engages and delights young viewers.",99,n/a,n/a,n/a
2004,WSBK,UPN,Boston,3,analog,BERENSTAIN BEARS,core,syndicated,Saturdays 7:30am - 8:00am,13,0,30,3,6,"The wonderful Berenstain Bears of classic children's book fame comes to the television screen to educate and entertain 3 - 6-year-olds & uses the prosocial messages about family, friends, and the problems and issues of early childhood. Focusing on family and friendship, Mama, Papa, Sister, and Brother Bear encounter a host of problems and issues important to most young children (and their parents). Ranging from why politeness matters, through not letting one's imagination control them, to why it's important to tell the truth, the Bear Cubs ask the same kinds of questions and learn the same kinds of lessons that children everywhere must grapple with. The Berenstain Bears is a series that celebrates family, friendship, and respect for others and addresses many of the questions that young children have always raised, at the same time that it engages and delights young viewers.",99,n/a,n/a,n/a
2004,WSBK,UPN,Boston,3,analog,THE LITTLES,core,syndicated,SATURDAY 8:00 - 8:30 AM,13,0,30,5,9,"Mission: Promoting positive models of social behavior and character development while engaging and entertaining 5 – 9-year-olds. Concept and Approach: Imagine a community of creatures 4 inches tall – half-human, half-mouse. These are The Littles – and they may be living in the walls of your house. In most ways The Littles act and think like Bigs (some folks call them Humans), but their sense of wonder, their thirst for adventure, and their capacity for kindness sets them apart.",99,n/a,n/a,n/a
2004,WSBK,UPN,Boston,3,analog,THE LITTLES,core,syndicated,Saturdays 8:30am - 9:00am,13,0,30,5,9,"Mission: Promoting positive models of social behavior and character development while engaging and entertaining 5 – 9-year-olds. Concept and Approach: Imagine a community of creatures 4 inches tall – half-human, half-mouse. These are The Littles – and they may be living in the walls of your house. In most ways The Littles act and think like Bigs (some folks call them Humans), but their sense of wonder, their thirst for adventure, and their capacity for kindness sets them apart.",99,n/a,n/a,n/a
2004,WSBK,UPN,Boston,3,analog,INSPECTOR GADGET'S FIELD TRIP,core,syndicated,Saturdays 9:00am-9:30am,12,1,30,8,11,"Inspector Gadget's Field Trip exposes young viewers to some of the most interesting geographical and historical sights in the world. It is designed not only to teach about the larger world in which today's kids live, but more important, it is designed to engage their interest and stimulate their desire to learn more. The goal of Inspector Gadget's Field Trip is not only to teach kids about distant places, but to promote the belief that knowing about our complex world is both interesting and fun.",1,n/a,n/a,n/a
2004,WSBK,UPN,Boston,3,analog,INSPECTOR GADGET'S FIELD TRIP,core,syndicated,Sundays 9:30am - 10:00am,12,1,30,8,11,"Inspector Gadget's Field Trip exposes young viewers to some of the most interesting geographical and historical sights in the world. It is designed not only to teach about the larger world in which today's kids live, but more important, it is designed to engage their interest and stimulate their desire to learn more. The goal of Inspector Gadget's Field Trip is not only to teach kids about distant places, but to promote the belief that knowing about our complex world is both interesting and fun.",1,n/a,n/a,n/a
2004,WTMU,Telemundo,Boston,3,analog,DORA LA EXPLORADORA,core,network,Saturdays 8:00-8:30 am,13,0,30,2,5,In this series seven-year-old Dora and her monkey travel companion Boots invite the audience to join them each week on a journey in which they will have to overcome various obstacles to reach an end goal. The series uses a CD-ROM/on-line adventure game fo,99,n/a,n/a,n/a
2004,WTMU,Telemundo,Boston,3,analog,DORA LA EXPLORADORA,core,network,Saturdays 8:30-9:00 am,13,0,30,2,5,In this series seven-year-old Dora and her monkey travel companion Boots invite the audience to join them each week on a journey in which they will have to overcome various obstacles to reach an end goal. The series uses a CD-ROM/on-line adventure game fo,99,n/a,n/a,n/a
2004,WTMU,Telemundo,Boston,3,analog,OYE ARNOLD,core,network,Sundays 8:00-8:30 am,13,0,30,6,9,"This series revolves around the adventures of nine-year-old Arnold, who lives in his grandparents' boarding house, where he must interact with a group of eccentric boarders, as well as with his friends and other neighborhood children. Arnold uses his creativity, resourcefulness and calm to deal with issues presented by life as a fourth grader in the big city. The objectives of this series are to help elementary school aged children to acquire better personal and social development skills through life-lessons, themes and stories that will cause them to think, assess, explore and monitor their own behavior, and to introduce them to a variety of people and issues in order to provide them with a springboard for understanding experiences in their own lives. This program is specifically designed to further the educational and informational needs of children, has educating and informing children as a significant purpose, and otherwise meets the definition of Core Programming as specified in the Commission's rules.",99,n/a,n/a,n/a
2004,WTMU,Telemundo,Boston,3,analog,OYE ARNOLD,core,network,Sundays 8:30-9:00 am,13,0,30,6,9,"This series revolves around the adventures of nine-year-old Arnold, who lives in his grandparents' boarding house, where he must interact with a group of eccentric boarders, as well as with his friends and other neighborhood children. Arnold uses his creativity, resourcefulness and calm to deal with issues presented by life as a fourth grader in the big city. The objectives of this series are to help elementary school aged children to acquire better personal and social development skills through life-lessons, themes and stories that will cause them to think, assess, explore and monitor their own behavior, and to introduce them to a variety of people and issues in order to provide them with a springboard for understanding experiences in their own lives. This program is specifically designed to further the educational and informational needs of children, has educating and informing children as a significant purpose, and otherwise meets the definition of Core Programming as specified in the Commission's rules.",99,n/a,n/a,n/a
2004,WTMU,Telemundo,Boston,3,analog,RUGRATS CRECIDOS,core,network,Sundays 9:00-9:30 am,13,0,30,5,8,"This series follows the Rugrats toddlers when they have reached their pre-teen years, and includes occasional flashbacks to the ""missing years"", which provide insights and explanations as to how their characters have evolved. The program explores issues such as seeking independence, relationships with parents, grappling with one's identity, and finding one's place socially. The objectives of this series are to provide viewers with age-appropriate life lessons that they can utilize as they undergo their own social and personal experiences. This program is specifically designed to further the educational and informational needs of children, has educating and informing children as a significant purpose, and otherwise meets the definition of Core Programming as specified in the Commission's rules.",99,n/a,n/a,n/a
2004,WTMU,Telemundo,Boston,3,analog,RUGRATS CRECIDOS,core,network,Sundays 9:30-10:00 am,13,0,30,5,8,"This series follows the Rugrats toddlers when they have reached their pre-teen years, and includes occasional flashbacks to the ""missing years"", which provide insights and explanations as to how their characters have evolved. The program explores issues such as seeking independence, relationships with parents, grappling with one's identity, and finding one's place socially. The objectives of this series are to provide viewers with age-appropriate life lessons that they can utilize as they undergo their own social and personal experiences. This program is specifically designed to further the educational and informational needs of children, has educating and informing children as a significant purpose, and otherwise meets the definition of Core Programming as specified in the Commission's rules.",99,n/a,n/a,n/a
2004,WUNI,Univision Programming Service*,Boston,3,analog,COMPLICES AL RESCATE,core,network,SA & SU 8:30A,26,0,90,7,12,"A significant purpose and key educational objective of this program is to illustrate how friendship, love and kindness can help overcome life's adversities. Complices al Rescate (""Friends to the Rescue"") follows the lives of two eleven-year-old girls, Silvia and Mariana, who have both experienced sadness, loss, and injuries in their lives. Throughout the shows, the girls learn to appreciate that happiness is not found in popularity and money, but in true friendship, goodwill towards others and love.",99,n/a,n/a,n/a
2004,WUTF-TV,Telefutura Programming Service*,Boston,9.38,analog,EL NINO QUE VINO DEL MAR,core,network,SU 07:00AM,13,0,60,7,12,"A significant purpose and key educational objective of this program is to show how love can overcome life's obstacles. Felipin is a happy little boy who is on his way with his mother to meet his estranged father, when they are shipwrecked at sea. Felipin drifts ashore on a lifeboat and is found by a kind young woman named Nisa, who takes care of Felipin when she finds out that his mother is said to be dead. Felipin is distraught by the loss of his mother and has lost the chance to finally meet his father. Along with Nisa and his new found friends, Felipin learns important life lessons about family, love, friendship, truthfulness, and faith.",99,n/a,n/a,n/a
2004,WUTF-TV,Telefutura Programming Service*,Boston,9.38,analog,EL LAGARTIJO DE NED,core,network,SA 08:00AM,12,1,30,7,12,"A significant purpose and key educational objective of this half-hour program is to illustrate problem solving and sharing. Ned feeds his pet newt ""Zippo Newt Food"" and turns it into a five hundred-pound monster called Newton, the most mischievous, gluttonous, and empathetic playmate ever. Newton can camouflage himself to avoid detection, and he is Ned's pal for life. But just when Ned needs giant Newton the most, the newt shrinks down to four inches again. Ned's and Newton's adventures with Ned's parents, friends, and the school bully teach young viewers about responsibility, friendship, sharing, and problem-solving.",0,n/a,n/a,n/a
2004,WUTF-TV,Telefutura Programming Service*,Boston,9.38,analog,"AMY , LA NINA DE LA MOCHILA AZUL",core,network,M-F 06:00PM 102704-123104,44,4,60,7,12,"A significant purpose and key educational objective of this program is to illustrate how determination, friendship, and love can overcome life’s obstacles. Amy, a beautiful baby girl drifts ashore after a storm at sea and is found by captain Matias and his wife Perla. This very loving family raise Amy to become a compassionate and loving girl. Unfortunately, their lives change, when Perla falls into the sea and loses her life during a storm. Distraught by the loss of his wife, Matias refuses to go near the sea, and quits his job as a fisherman. Matias and Amy face many hardships together, but Amy makes the best of the situations that arise and is happy as long as she has her father’s love. With Amy, Matias, and their many friends, viewers learn about the importance of family, friendship, faith, and perseverance.",0,n/a,n/a,n/a
2004,WUTF-TV,Telefutura Programming Service*,Boston,9.38,analog,PLAZA SESAMO,core,network,SA & SU 08:30AM,24,2,30,2,7,"A significant purpose and key educational objective of this hour program is to teach young children the importance of different cultures and traditions. Children will easily identify with the main characters: Abelardo, Contreras, and Lola. These animated personalities will help children develop a better understanding of the world around them through their stories. Throughout the shows, these characters not only reinforce and expose the Spanish language to native and non-native Spanish speakers, but also teach children valuable lessons that include problem solving, gender equity, symbolic representation, and social interaction.",0,n/a,n/a,n/a
2004,WUTF-TV,Telefutura Programming Service*,Boston,9.38,analog,BOB EL CONSTRUCTOR,core,network,SA & SU 09:00AM,24,2,30,2,7,"A significant purpose and key educational objective of this half-hour program is to illustrate friendship and problem solving. Bob and his gang of building machines, Scoop the digger, Muck the bulldozer, Dizzy the cement mixer, Lofty the Crane and Roley the steamroller, come together as a team to help each other out of trouble and solve problems.",0,n/a,n/a,n/a
2004,WUTF-TV,Telefutura Programming Service*,Boston,9.38,analog,LOS CONEJITOS TORPES,core,network,SA 09:30AM,12,1,30,5,10,"A significant purpose and key educational objective of this program is to illustrate the importance of family and working together to overcome mistakes. Throughout the shows, the Dumb Bunny family gets into various problems and adventures, but always manage to work together to solve their problems.",0,n/a,n/a,n/a
2004,WUTF-TV,Telefutura Programming Service*,Boston,9.38,analog,CUENTOS DE LA CRIPTA,core,network,SA 10:00AM,11,2,30,7,12,"In this half-hour show, fanciful characters, such as the Old Witch, the Mummy, the Werewolf, and the Vampire, take children on a journey through the outrageous world of the crypt and introduce a variety of educational subjects and messages.",0,n/a,n/a,n/a
2004,WUTF-TV,Telefutura Programming Service*,Boston,9.38,analog,PATRULLA DE SAPITOS,core,network,SU 10:00AM,11,2,30,7,12,"A significant purpose and key educational objective of this half-hour program is to illustrate the importance of discovering oneself and friendship. Eight toadlets who miss the migration to Toad Hollow, a peaceful and protected haven for toads, are lost and stranded in an unknown world, where they have to survive and confront their problems as a team. Through their amazing quest, the toad patrol teach young children many lessons about friendship, trust, caring and sharing, empathy, caution, determination, self-esteem, responsibility, selflessness, sacrifice and respect for others.",0,n/a,n/a,n/a
2004,WUTF-TV,Telefutura Programming Service*,Boston,9.38,analog,ALEGRIJES Y REBUJOS,core,network,M-F 06:00PM 100104-102604,18,0,60,7,12,"A significant purpose and key educational objective of this children’s novella is to show the importance of community and perseverance during trial. Sofia, a girl who is faced with a jealous stepmother, an inattentive father and a mean brother, meets Don Darvelio, an eccentric millionaire, and Alfonso, a “savage” boy. Together they learn the meaning of true friendship and love. Don Darvelio, who had secluded himself from society by hiding in his haunted mansion, finds the happiness he had always dreamed of when he meets Sofia and Alfonso. He names Sofia and Alfonso “Happies,” which to him are people who enjoy life and never lose hope through good and bad times. Sofia, Alfonso and their neighborhood friends come together and employ the values of the “Happies” to overcome the evil of the ""Grumpies,"" those who are unloving, materialistic, jealous and selfish. Through their incredible adventures, viewers learn important life lessons about love, friendship, truthfulness, fair competition and happiness.",99,n/a,n/a,n/a
2004,WWDP,n/a,Boston,3,analog,BECKY'S BARN,core,syndicated,SU 7:00 am,13,0,30,3,7,"Becky’s Barn is a program that teaches children both education and morality lessons through a cast of real life and puppet characters whose lives revolve around a farm, specifically Becky’s barn. The show is divided into various segments with a lesson learned through the actions of the barn characters. Segments include: the Alphabet Train, the Eggies, interviews with preschoolers, Uncle Henry’s Hired Hand (Crafts), Uncle Henry’s Orchard (Scripture Lesson) and Papa Joes Bible story. Each episode combines spiritual and educational concepts along with health and safety tips.",99,n/a,n/a,n/a
2004,WWDP,n/a,Boston,3,analog,SUNSHINE FACTORY,core,syndicated,SU 7:30 am,13,0,30,5,9,A show devoted to teaching children lessons in moral and emotional issues. The show centers on the owners of a fixit shop and some of the people who live in the neighborhood. Each week a specific issue is raised at the shop and the characters take a special trip to the Sunshine Factory to learn how to resolve situations and deal with problems.,99,n/a,n/a,n/a
2004,WWDP,n/a,Boston,3,analog,SONSHINY DAY,core,syndicated,SU 8:00 am,13,0,30,2,6,"Sonshiny Day is a show that has a mix of human and puppet characters. The show features a host, Audrey, who along with her friends teach morality lessons and Biblical themes through music, song, and prayer.",99,n/a,n/a,n/a
2004,WWDP,n/a,Boston,3,analog,WORSHIP FOR KIDS!,core,syndicated,SU 8:30 am,13,0,30,4,8,"A half hour program devoted to giving kids the opportunity to learn and to worship God. Host Gary Richardson uses songs and Biblical readings to illustrate a moral teaching and challenges children to apply Christian values to every day life situations. Gramma Mac reads stories to children while pages from the book are shown on screen. Upbeat, sing-along songs aimed at children are synchronized to videos featuring nature scenes, children and animals.",99,n/a,n/a,n/a
2004,WWDP,n/a,Boston,3,analog,JUST KIDS,core,syndicated,SU 9:00 am,13,0,30,5,9,"Just Kids is a program designed to inform children in both educational and spiritual matters through the use of informative and interesting segments. A cast of regular characters share insight that will help children grow in practical ways. Segments include: the Cooking Corner, Weekly Scripture, The Kids Kaleidoscope (A look at different places and occupations), Bible Fact, The Just Kids Singers, and a reading of various children’s books",99,n/a,n/a,n/a
2004,WWDP,n/a,Boston,3,analog,KINGSLEY'S MEADOW,core,syndicated,SU 9:30 am,13,0,30,2,6,"Kingsley's Meadow is a magical, fun-filled place where with the help of a delightful ""older brother"" figure in the form of a friendly lion (body puppet) named Kingsley, children are entertained while learning valuable Biblical lessons they will never forget. The children will identify with the antics of Muppet-like puppets Monk, Aaron, Birdtha, and the Petals, a trio of singing flowers. The focal points of each episode are two Bible stories that are narrated by Kingsley and acted out by live-action kids with humor, adventure and a moral that drives the story home. Each episode utilizes various visual media, capitalizing on the spontaneity of live action, the magic of 2-D animation, and 3-D CGI animation.",99,n/a,n/a,n/a
2004,WYCN,Family Net,Boston,4.5,analog,NANA PUDDIN',core,syndicated,Saturday 8:30 am,13,0,30,4,10,"This exciting series is colorful, action packed and full of surprises. Hosted by award winning ventriloquist Dennis Lee, the program mixes energetic performance from the host, special guests, and the wacky personalities of more than 26 puppets. A live audience of children fills each episode containing laughter, songs and skits. The Nana Puddin' show presents a timeless and solid message teaching children how to make wise choices in many of life's difficult situations.",99,n/a,n/a,n/a
2004,WYCN,Family Net,Boston,4.5,analog,LIL' IGUANA,core,syndicated,8:30 AM Saturday,13,0,30,3,7,"Lil’ Iguana is a wonderful character that lived in the rainforest with his family. During a horrific tropical storm he became separated from his family while trying to seek shelter in a cave. Magically, he found Storyland, the setting in which he teaches children lessons in safety. Lil' Iguana and his siblings interact with children and teach lessons of safety to children nationwide.",99,n/a,n/a,n/a
2004,WYCN,Family Net,Boston,4.5,analog,VIEW FROM THE ZOO,core,syndicated,"Saturday, 9:00 AM",13,0,30,4,10,"Kids love to watch other kids getting to do cool things. View From the Zoo features kids as the hosts and field reporters who explore fascinating facts of giraffes, zebras, dolphins as well as some more unusual animals like naked mole rats, emus, and meerkats. They examine God’s creation, focusing on the unique design, equipment and super senses of the animal. Each show has a guest appearance by popular author, Gary Richmond, telling animal stories and teaching biblical principles.",99,n/a,n/a,n/a
2004,WYCN,Family Net,Boston,4.5,analog,NANA PUDDIN',core,syndicated,Saturday 9:30 AM,13,0,30,4,10,"This exciting series is colorful, action-packed, and full of surprises. Hosted by award-winning ventriloquist Dennis Lee, the program mixes energetic performances from the host, special guests, and the wacky personalities of more than 26 puppets. A live audience of children fills each episode containing laughter, songs, and skits. The Nana Puddin’ Show presents a timeless and solid message teaching children how to make wise choices in many of life’s difficult situations. Note: this program was rated high in education & information by the Annenburg Public Policy Center at the 4th Annual Convention on children & television in Washington, DC 1999.",99,n/a,n/a,n/a
2004,WYCN,Family Net,Boston,4.5,analog,ADVENTURES IN ODYSSEY,core,syndicated,Saturday 10:30 AM,13,0,30,8,12,"Meet John Avery Whittaker, Connie, and all the gang as you fly on the wings of imagination to Whit's End. Adventures in Odyssey brings you fast-paced family adventure for children of all ages!",99,n/a,n/a,n/a
2004,WYCN,Family Net,Boston,4.5,analog,FLIP FLOP SHOP,core,syndicated,Saturday10:00 AM,13,0,30,4,6,"Featuring Olympic champion Mary Lou Retton, this series is packed with high-energy fun that focuses on physical fitness; health, nutrition; hygiene, confidence building and positive thinking. and principles.",99,n/a,n/a,n/a